x,y,s,s_norm,track_yaw_rad,kappa,w_l,w_r,n_x,n_y
0.0236,0.2606,0.0000,0.0000,0.2643,-0.1891,0.8450,1.1350,-0.2612,0.9653
0.0722,0.2735,0.0502,0.0021,0.2549,-0.1864,0.8350,1.1450,-0.2521,0.9677
0.1208,0.2859,0.1004,0.0041,0.2456,-0.1837,0.8150,1.1550,-0.2431,0.9700
0.1695,0.2979,0.1506,0.0062,0.2365,-0.1809,0.8050,1.1650,-0.2343,0.9722
0.2183,0.3094,0.2007,0.0082,0.2275,-0.1780,0.7950,1.1150,-0.2255,0.9742
0.2671,0.3205,0.2508,0.0103,0.2186,-0.1751,0.7750,1.1250,-0.2169,0.9762
0.3161,0.3311,0.3009,0.0123,0.2099,-0.1722,0.7650,1.1350,-0.2084,0.9780
0.3651,0.3413,0.3509,0.0144,0.2014,-0.1693,0.7550,1.1450,-0.2000,0.9798
0.4141,0.3511,0.4010,0.0164,0.1930,-0.1663,0.7450,1.1550,-0.1918,0.9814
0.4632,0.3605,0.4510,0.0185,0.1847,-0.1633,0.7350,1.1650,-0.1837,0.9830
0.5124,0.3695,0.5010,0.0205,0.1766,-0.1602,0.7250,1.1650,-0.1757,0.9844
0.5617,0.3781,0.5510,0.0226,0.1687,-0.1571,0.7150,1.1750,-0.1679,0.9858
0.6110,0.3863,0.6009,0.0246,0.1609,-0.1540,0.7050,1.1850,-0.1602,0.9871
0.6604,0.3941,0.6509,0.0267,0.1533,-0.1509,0.6950,1.1850,-0.1527,0.9883
0.7098,0.4016,0.7009,0.0287,0.1458,-0.1478,0.6850,1.1950,-0.1453,0.9894
0.7593,0.4086,0.7509,0.0308,0.1385,-0.1446,0.6750,1.2050,-0.1381,0.9904
0.8088,0.4154,0.8009,0.0328,0.1314,-0.1414,0.6250,1.2050,-0.1310,0.9914
0.8584,0.4217,0.8509,0.0349,0.1244,-0.1382,0.6150,1.2150,-0.1241,0.9923
0.9080,0.4278,0.9009,0.0369,0.1176,-0.1350,0.6050,1.2150,-0.1173,0.9931
0.9577,0.4335,0.9509,0.0390,0.1109,-0.1318,0.6050,1.2250,-0.1107,0.9939
1.0074,0.4388,1.0009,0.0410,0.1044,-0.1285,0.5950,1.2250,-0.1042,0.9946
1.0572,0.4439,1.0510,0.0431,0.0980,-0.1253,0.5850,1.2250,-0.0979,0.9952
1.1070,0.4486,1.1010,0.0451,0.0919,-0.1221,0.5850,1.2350,-0.0917,0.9958
1.1569,0.4531,1.1511,0.0472,0.0858,-0.1188,0.5750,1.2350,-0.0857,0.9963
1.2068,0.4572,1.2011,0.0493,0.0800,-0.1156,0.5750,1.2450,-0.0799,0.9968
1.2568,0.4611,1.2512,0.0513,0.0743,-0.1123,0.5750,1.2450,-0.0742,0.9972
1.3067,0.4647,1.3014,0.0534,0.0687,-0.1091,0.6150,1.2450,-0.0687,0.9976
1.3568,0.4680,1.3515,0.0554,0.0633,-0.1059,0.6150,1.2550,-0.0633,0.9980
1.4068,0.4710,1.4016,0.0575,0.0581,-0.1027,0.6150,1.2550,-0.0581,0.9983
1.4569,0.4738,1.4518,0.0595,0.0530,-0.0994,0.6050,1.2550,-0.0530,0.9986
1.5070,0.4763,1.5020,0.0616,0.0481,-0.0962,0.6050,1.2550,-0.0481,0.9988
1.5572,0.4786,1.5522,0.0636,0.0434,-0.0930,0.6050,1.2550,-0.0434,0.9991
1.6073,0.4807,1.6024,0.0657,0.0388,-0.0898,0.5950,1.2650,-0.0388,0.9992
1.6575,0.4825,1.6526,0.0678,0.0344,-0.0867,0.5950,1.2650,-0.0344,0.9994
1.7077,0.4842,1.7029,0.0698,0.0301,-0.0835,0.5950,1.2650,-0.0301,0.9995
1.7580,0.4856,1.7531,0.0719,0.0260,-0.0803,0.5950,1.2650,-0.0260,0.9997
1.8083,0.4868,1.8034,0.0739,0.0220,-0.0772,0.5950,1.2650,-0.0220,0.9998
1.8585,0.4878,1.8537,0.0760,0.0182,-0.0740,0.5950,1.2650,-0.0182,0.9998
1.9088,0.4886,1.9040,0.0781,0.0146,-0.0709,0.5950,1.2650,-0.0146,0.9999
1.9592,0.4893,1.9543,0.0801,0.0111,-0.0678,0.5950,1.2650,-0.0111,0.9999
2.0095,0.4897,2.0047,0.0822,0.0078,-0.0647,0.5950,1.2650,-0.0078,1.0000
2.0598,0.4900,2.0550,0.0843,0.0046,-0.0615,0.5850,1.2750,-0.0046,1.0000
2.1102,0.4902,2.1054,0.0863,0.0016,-0.0582,0.5850,1.3250,-0.0016,1.0000
2.1606,0.4902,2.1557,0.0884,-0.0013,-0.0546,0.5850,1.3250,0.0013,1.0000
2.2109,0.4901,2.2061,0.0905,-0.0040,-0.0510,0.5350,1.3250,0.0040,1.0000
2.2613,0.4898,2.2565,0.0925,-0.0066,-0.0473,0.5450,1.3150,0.0066,1.0000
2.3117,0.4894,2.3069,0.0946,-0.0090,-0.0436,0.5450,1.3150,0.0090,1.0000
2.3621,0.4889,2.3572,0.0967,-0.0112,-0.0400,0.5450,1.3150,0.0112,0.9999
2.4125,0.4883,2.4076,0.0987,-0.0133,-0.0365,0.5450,1.3150,0.0133,0.9999
2.4629,0.4876,2.4580,0.1008,-0.0153,-0.0331,0.5450,1.3150,0.0153,0.9999
2.5132,0.4868,2.5084,0.1029,-0.0170,-0.0299,0.5450,1.3150,0.0170,0.9999
2.5636,0.4859,2.5588,0.1049,-0.0187,-0.0270,0.4950,1.3150,0.0187,0.9998
2.6140,0.4849,2.6092,0.1070,-0.0202,-0.0243,0.4950,1.3150,0.0202,0.9998
2.6644,0.4838,2.6596,0.1091,-0.0215,-0.0219,0.4950,1.3150,0.0215,0.9998
2.7147,0.4827,2.7100,0.1111,-0.0227,-0.0198,0.4950,1.3150,0.0227,0.9997
2.7651,0.4815,2.7603,0.1132,-0.0237,-0.0181,0.4950,1.3150,0.0237,0.9997
2.8154,0.4803,2.8107,0.1153,-0.0246,-0.0168,0.4950,1.3150,0.0246,0.9997
2.8657,0.4791,2.8610,0.1173,-0.0253,-0.0158,0.5050,1.3050,0.0253,0.9997
2.9161,0.4778,2.9113,0.1194,-0.0259,-0.0153,0.5050,1.3050,0.0259,0.9997
2.9663,0.4765,2.9616,0.1214,-0.0263,-0.0151,0.5050,1.3050,0.0263,0.9997
3.0166,0.4751,3.0119,0.1235,-0.0265,-0.0154,0.5050,1.3050,0.0265,0.9996
3.0669,0.4738,3.0622,0.1256,-0.0267,-0.0161,0.5050,1.3050,0.0267,0.9996
3.1171,0.4725,3.1125,0.1276,-0.0269,-0.0173,0.5050,1.3050,0.0269,0.9996
3.1673,0.4711,3.1627,0.1297,-0.0273,-0.0189,0.5050,1.3050,0.0273,0.9996
3.2175,0.4697,3.2129,0.1317,-0.0280,-0.0209,0.5150,1.3050,0.0280,0.9996
3.2677,0.4683,3.2631,0.1338,-0.0289,-0.0233,0.5150,1.2950,0.0289,0.9996
3.3178,0.4668,3.3133,0.1359,-0.0301,-0.0261,0.5650,1.2950,0.0301,0.9995
3.3680,0.4653,3.3634,0.1379,-0.0315,-0.0293,0.5650,1.2950,0.0315,0.9995
3.4181,0.4636,3.4135,0.1400,-0.0331,-0.0329,0.5650,1.2950,0.0331,0.9995
3.4681,0.4619,3.4637,0.1420,-0.0350,-0.0368,0.5650,1.2950,0.0350,0.9994
3.5182,0.4601,3.5138,0.1441,-0.0371,-0.0411,0.5750,1.2950,0.0371,0.9993
3.5683,0.4582,3.5638,0.1461,-0.0395,-0.0456,0.5750,1.2850,0.0395,0.9992
3.6183,0.4562,3.6139,0.1482,-0.0421,-0.0505,0.5750,1.2850,0.0421,0.9991
3.6683,0.4540,3.6640,0.1502,-0.0449,-0.0558,0.5750,1.2350,0.0449,0.9990
3.7183,0.4517,3.7140,0.1523,-0.0480,-0.0613,0.5750,1.2350,0.0480,0.9988
3.7683,0.4492,3.7640,0.1543,-0.0513,-0.0671,0.5850,1.2350,0.0513,0.9987
3.8182,0.4465,3.8141,0.1564,-0.0549,-0.0729,0.5850,1.2250,0.0549,0.9985
3.8681,0.4437,3.8641,0.1584,-0.0587,-0.0788,0.5850,1.2250,0.0587,0.9983
3.9181,0.4407,3.9141,0.1605,-0.0627,-0.0845,0.5950,1.2250,0.0627,0.9980
3.9679,0.4374,3.9641,0.1625,-0.0670,-0.0901,0.5950,1.2250,0.0670,0.9978
4.0178,0.4340,4.0141,0.1646,-0.0715,-0.0954,0.5950,1.2150,0.0715,0.9974
4.0677,0.4303,4.0641,0.1666,-0.0763,-0.1003,0.6050,1.2150,0.0762,0.9971
4.1175,0.4263,4.1141,0.1687,-0.0813,-0.1049,0.6050,1.2150,0.0812,0.9967
4.1673,0.4222,4.1641,0.1707,-0.0865,-0.1092,0.6150,1.2050,0.0864,0.9963
4.2172,0.4177,4.2141,0.1728,-0.0920,-0.1132,0.6150,1.2050,0.0918,0.9958
4.2669,0.4130,4.2641,0.1749,-0.0977,-0.1170,0.6250,1.1950,0.0975,0.9952
4.3167,0.4079,4.3141,0.1769,-0.1036,-0.1205,0.6250,1.1950,0.1034,0.9946
4.3665,0.4026,4.3642,0.1790,-0.1098,-0.1237,0.6350,1.1850,0.1096,0.9940
4.4162,0.3970,4.4142,0.1810,-0.1162,-0.1266,0.6350,1.1850,0.1159,0.9933
4.4659,0.3910,4.4643,0.1831,-0.1228,-0.1292,0.5950,1.1850,0.1225,0.9925
4.5156,0.3847,4.5144,0.1851,-0.1297,-0.1315,0.6050,1.1750,0.1293,0.9916
4.5653,0.3780,4.5645,0.1872,-0.1368,-0.1334,0.6050,1.1650,0.1364,0.9907
4.6150,0.3710,4.6147,0.1892,-0.1441,-0.1351,0.6150,1.1650,0.1436,0.9896
4.6647,0.3636,4.6649,0.1913,-0.1513,-0.1364,0.6250,1.1550,0.1507,0.9886
4.7143,0.3559,4.7151,0.1933,-0.1584,-0.1374,0.6350,1.1550,0.1578,0.9875
4.7639,0.3478,4.7654,0.1954,-0.1655,-0.1381,0.6450,1.1450,0.1648,0.9863
4.8135,0.3393,4.8157,0.1975,-0.1726,-0.1385,0.6550,1.1350,0.1717,0.9851
4.8630,0.3305,4.8660,0.1995,-0.1795,-0.1387,0.6650,1.1250,0.1786,0.9839
4.9125,0.3213,4.9163,0.2016,-0.1865,-0.1386,0.6750,1.1250,0.1854,0.9827
4.9619,0.3118,4.9667,0.2037,-0.1933,-0.1382,0.6850,1.1150,0.1921,0.9814
5.0113,0.3020,5.0170,0.2057,-0.2001,-0.1377,0.6950,1.1050,0.1988,0.9800
5.0607,0.2918,5.0674,0.2078,-0.2069,-0.1369,0.7050,1.0950,0.2054,0.9787
5.1100,0.2813,5.1178,0.2099,-0.2136,-0.1360,0.7150,1.0850,0.2120,0.9773
5.1592,0.2704,5.1682,0.2119,-0.2203,-0.1350,0.7250,1.0750,0.2185,0.9758
5.2083,0.2593,5.2186,0.2140,-0.2269,-0.1341,0.7450,1.0650,0.2250,0.9744
5.2574,0.2478,5.2690,0.2161,-0.2335,-0.1330,0.7550,1.0550,0.2314,0.9729
5.3064,0.2359,5.3195,0.2181,-0.2400,-0.1320,0.7650,1.0450,0.2377,0.9713
5.3553,0.2238,5.3699,0.2202,-0.2465,-0.1310,0.7850,1.0350,0.2440,0.9698
5.4042,0.2113,5.4203,0.2223,-0.2529,-0.1300,0.7950,1.0250,0.2502,0.9682
5.4529,0.1986,5.4707,0.2243,-0.2593,-0.1290,0.8050,1.0150,0.2564,0.9666
5.5016,0.1855,5.5210,0.2264,-0.2657,-0.1281,0.8250,1.0050,0.2626,0.9649
5.5501,0.1721,5.5714,0.2285,-0.2720,-0.1273,0.8350,0.9850,0.2687,0.9632
5.5986,0.1584,5.6217,0.2305,-0.2783,-0.1266,0.8550,0.9750,0.2748,0.9615
5.6469,0.1445,5.6721,0.2326,-0.2846,-0.1260,0.8750,0.9650,0.2808,0.9598
5.6952,0.1302,5.7224,0.2346,-0.2908,-0.1252,0.8850,0.9550,0.2867,0.9580
5.7433,0.1156,5.7726,0.2367,-0.2970,-0.1243,0.9050,0.9350,0.2927,0.9562
5.7913,0.1008,5.8229,0.2388,-0.3032,-0.1233,0.9250,0.9250,0.2986,0.9544
5.8391,0.0856,5.8731,0.2408,-0.3093,-0.1221,0.9350,0.9050,0.3044,0.9525
5.8869,0.0702,5.9232,0.2429,-0.3154,-0.1198,0.9550,0.8950,0.3102,0.9507
5.9345,0.0545,5.9733,0.2449,-0.3215,-0.1167,0.9750,0.8850,0.3160,0.9488
5.9819,0.0386,6.0234,0.2470,-0.3276,-0.1130,0.9950,0.8650,0.3218,0.9468
6.0292,0.0223,6.0734,0.2490,-0.3336,-0.1089,1.0150,0.8550,0.3275,0.9449
6.0764,0.0058,6.1234,0.2511,-0.3396,-0.1046,1.0350,0.8350,0.3332,0.9429
6.1234,-0.0110,6.1733,0.2531,-0.3455,-0.1002,1.0550,0.8150,0.3387,0.9409
6.1703,-0.0280,6.2232,0.2552,-0.3512,-0.0960,1.0750,0.8050,0.3441,0.9389
6.2171,-0.0453,6.2731,0.2572,-0.3568,-0.0921,1.0950,0.7850,0.3493,0.9370
6.2637,-0.0628,6.3229,0.2593,-0.3622,-0.0886,1.1150,0.7650,0.3543,0.9351
6.3103,-0.0806,6.3728,0.2613,-0.3673,-0.0856,1.1350,0.7550,0.3591,0.9333
6.3568,-0.0986,6.4226,0.2634,-0.3723,-0.0835,1.1550,0.7350,0.3638,0.9315
6.4032,-0.1169,6.4725,0.2654,-0.3771,-0.0822,1.1850,0.7150,0.3682,0.9297
6.4495,-0.1353,6.5224,0.2675,-0.3817,-0.0818,1.2050,0.6950,0.3725,0.9280
6.4959,-0.1541,6.5724,0.2695,-0.3861,-0.0826,1.2250,0.6750,0.3766,0.9264
6.5421,-0.1730,6.6224,0.2716,-0.3904,-0.0846,1.2450,0.6550,0.3805,0.9248
6.5884,-0.1921,6.6724,0.2736,-0.3944,-0.0887,1.2750,0.6350,0.3842,0.9232
6.6347,-0.2115,6.7226,0.2757,-0.3982,-0.0951,1.3450,0.6150,0.3878,0.9218
6.6809,-0.2311,6.7728,0.2777,-0.4018,-0.1036,1.3750,0.5950,0.3911,0.9204
6.7272,-0.2508,6.8232,0.2798,-0.4052,-0.1139,1.3950,0.5750,0.3942,0.9190
6.7736,-0.2708,6.8736,0.2819,-0.4084,-0.1260,1.4150,0.5550,0.3972,0.9177
6.8199,-0.2909,6.9242,0.2839,-0.4122,-0.1397,1.4450,0.5350,0.4006,0.9162
6.8663,-0.3114,6.9748,0.2860,-0.4172,-0.1548,1.4650,0.5150,0.4052,0.9142
6.9126,-0.3320,7.0255,0.2881,-0.4235,-0.1711,1.4950,0.4950,0.4109,0.9117
6.9588,-0.3531,7.0763,0.2902,-0.4310,-0.1885,1.5250,0.4750,0.4177,0.9086
7.0048,-0.3745,7.1271,0.2922,-0.4397,-0.2068,1.4950,0.5050,0.4257,0.9049
7.0507,-0.3963,7.1778,0.2943,-0.4497,-0.2258,1.5350,0.4850,0.4347,0.9006
7.0963,-0.4186,7.2286,0.2964,-0.4610,-0.2452,1.5650,0.4650,0.4449,0.8956
7.1415,-0.4415,7.2793,0.2985,-0.4737,-0.2649,1.5450,0.4350,0.4561,0.8899
7.1864,-0.4649,7.3299,0.3006,-0.4876,-0.2846,1.5250,0.4750,0.4685,0.8835
7.2309,-0.4889,7.3805,0.3026,-0.5028,-0.3041,1.5050,0.4450,0.4819,0.8762
7.2749,-0.5136,7.4309,0.3047,-0.5195,-0.3232,1.4950,0.4350,0.4964,0.8681
7.3184,-0.5390,7.4813,0.3068,-0.5375,-0.3418,1.4850,0.4550,0.5120,0.8590
7.3614,-0.5651,7.5316,0.3088,-0.5569,-0.3596,1.4750,0.4750,0.5285,0.8489
7.4037,-0.5921,7.5818,0.3109,-0.5777,-0.3764,1.4050,0.4650,0.5461,0.8377
7.4453,-0.6199,7.6318,0.3129,-0.5999,-0.3919,1.3950,0.5050,0.5646,0.8254
7.4863,-0.6486,7.6818,0.3150,-0.6231,-0.4061,1.3750,0.4750,0.5835,0.8121
7.5265,-0.6782,7.7318,0.3170,-0.6461,-0.4187,1.3450,0.5050,0.6021,0.7984
7.5659,-0.7086,7.7816,0.3191,-0.6690,-0.4294,1.3250,0.4850,0.6202,0.7844
7.6046,-0.7400,7.8314,0.3211,-0.6918,-0.4381,1.2650,0.5350,0.6379,0.7701
7.6426,-0.7721,7.8812,0.3232,-0.7144,-0.4446,1.2650,0.5750,0.6551,0.7555
7.6798,-0.8051,7.9309,0.3252,-0.7368,-0.4487,1.2050,0.5850,0.6719,0.7406
7.7162,-0.8389,7.9806,0.3272,-0.7591,-0.4514,1.2050,0.5850,0.6882,0.7255
7.7519,-0.8735,8.0303,0.3293,-0.7812,-0.4526,1.1850,0.6250,0.7041,0.7101
7.7868,-0.9089,8.0800,0.3313,-0.8031,-0.4526,1.1750,0.6550,0.7195,0.6945
7.8209,-0.9450,8.1296,0.3334,-0.8249,-0.4513,1.1550,0.6850,0.7345,0.6786
7.8542,-0.9819,8.1793,0.3354,-0.8465,-0.4489,1.1650,0.7150,0.7490,0.6626
7.8867,-1.0195,8.2290,0.3374,-0.8680,-0.4454,1.1150,0.7450,0.7630,0.6464
7.9185,-1.0577,8.2787,0.3395,-0.8893,-0.4411,1.1150,0.7650,0.7766,0.6299
7.9494,-1.0967,8.3285,0.3415,-0.9105,-0.4360,1.0550,0.7350,0.7898,0.6134
7.9795,-1.1363,8.3783,0.3436,-0.9315,-0.4304,1.0050,0.7650,0.8025,0.5966
8.0088,-1.1766,8.4281,0.3456,-0.9524,-0.4246,1.0150,0.7850,0.8148,0.5798
8.0373,-1.2175,8.4779,0.3476,-0.9731,-0.4188,0.9650,0.8150,0.8266,0.5628
8.0649,-1.2590,8.5278,0.3497,-0.9937,-0.4131,0.9150,0.8350,0.8380,0.5456
8.0917,-1.3012,8.5777,0.3517,-1.0141,-0.4080,0.8750,0.8250,0.8490,0.5284
8.1177,-1.3439,8.6277,0.3538,-1.0345,-0.4037,0.8450,0.8150,0.8596,0.5110
8.1428,-1.3871,8.6777,0.3558,-1.0547,-0.4006,0.8550,0.8350,0.8697,0.4935
8.1671,-1.4309,8.7278,0.3579,-1.0748,-0.3979,0.8150,0.8550,0.8795,0.4759
8.1905,-1.4753,8.7780,0.3599,-1.0948,-0.3954,0.7750,0.8650,0.8888,0.4583
8.2131,-1.5201,8.8282,0.3620,-1.1146,-0.3931,0.8050,0.8850,0.8978,0.4405
8.2348,-1.5654,8.8784,0.3641,-1.1344,-0.3912,0.7650,0.9050,0.9063,0.4227
8.2556,-1.6113,8.9287,0.3661,-1.1541,-0.3896,0.7350,0.9150,0.9144,0.4047
8.2756,-1.6575,8.9791,0.3682,-1.1737,-0.3884,0.7150,0.9250,0.9222,0.3867
8.2946,-1.7042,9.0296,0.3703,-1.1933,-0.3875,0.6850,0.9450,0.9296,0.3686
8.3128,-1.7514,9.0801,0.3723,-1.2127,-0.3871,0.6650,0.9550,0.9366,0.3505
8.3300,-1.7989,9.1307,0.3744,-1.2321,-0.3870,0.6350,0.9650,0.9432,0.3322
8.3464,-1.8468,9.1813,0.3765,-1.2515,-0.3875,0.6650,0.9750,0.9495,0.3139
8.3618,-1.8951,9.2320,0.3786,-1.2709,-0.3884,0.6450,0.9850,0.9554,0.2954
8.3764,-1.9437,9.2827,0.3806,-1.2904,-0.3898,0.6250,0.9950,0.9610,0.2767
8.3899,-1.9927,9.3335,0.3827,-1.3101,-0.3918,0.6150,1.0050,0.9662,0.2578
8.4025,-2.0419,9.3843,0.3848,-1.3299,-0.3943,0.5950,1.0150,0.9711,0.2386
8.4142,-2.0914,9.4351,0.3869,-1.3498,-0.3973,0.5850,1.0150,0.9757,0.2192
8.4248,-2.1410,9.4860,0.3890,-1.3700,-0.4009,0.5650,1.0250,0.9799,0.1995
8.4344,-2.1909,9.5368,0.3911,-1.3903,-0.4051,0.5550,1.0350,0.9838,0.1795
8.4430,-2.2410,9.5875,0.3931,-1.4110,-0.4098,0.5450,1.0350,0.9873,0.1592
8.4506,-2.2912,9.6383,0.3952,-1.4318,-0.4151,0.5350,1.0450,0.9904,0.1385
8.4571,-2.3414,9.6890,0.3973,-1.4529,-0.4210,0.5250,1.0450,0.9931,0.1176
8.4625,-2.3918,9.7397,0.3994,-1.4744,-0.4278,0.5250,1.0450,0.9954,0.0963
8.4668,-2.4422,9.7903,0.4015,-1.4961,-0.4354,0.5150,1.0450,0.9972,0.0746
8.4701,-2.4927,9.8408,0.4035,-1.5182,-0.4436,0.5150,1.0550,0.9986,0.0526
8.4721,-2.5431,9.8913,0.4056,-1.5406,-0.4523,0.5050,1.0550,0.9995,0.0302
8.4731,-2.5935,9.9417,0.4077,-1.5634,-0.4613,0.5050,1.0550,1.0000,0.0074
8.4729,-2.6439,9.9920,0.4097,-1.5865,-0.4705,0.5050,1.0550,0.9999,-0.0158
8.4715,-2.6941,10.0423,0.4118,-1.6101,-0.4797,0.5050,1.0550,0.9992,-0.0393
8.4689,-2.7442,10.0925,0.4138,-1.6341,-0.4887,0.5150,1.0550,0.9980,-0.0633
8.4652,-2.7942,10.1426,0.4159,-1.6585,-0.4976,0.5150,1.0450,0.9962,-0.0876
8.4601,-2.8440,10.1926,0.4180,-1.6834,-0.5062,0.5250,1.0450,0.9937,-0.1124
8.4539,-2.8936,10.2426,0.4200,-1.7087,-0.5144,0.5350,1.0450,0.9905,-0.1375
8.4464,-2.9429,10.2925,0.4221,-1.7345,-0.5222,0.5450,1.0450,0.9866,-0.1630
8.4376,-2.9920,10.3424,0.4241,-1.7608,-0.5295,0.5550,1.0350,0.9820,-0.1889
8.4276,-3.0408,10.3922,0.4261,-1.7875,-0.5365,0.5650,1.0350,0.9766,-0.2150
8.4162,-3.0893,10.4420,0.4282,-1.8148,-0.5429,0.5850,1.0250,0.9704,-0.2415
8.4035,-3.1374,10.4918,0.4302,-1.8425,-0.5489,0.5950,1.0250,0.9633,-0.2683
8.3895,-3.1852,10.5416,0.4323,-1.8706,-0.5543,0.6150,1.0150,0.9554,-0.2954
8.3741,-3.2325,10.5913,0.4343,-1.8993,-0.5593,0.6450,1.0050,0.9465,-0.3226
8.3574,-3.2794,10.6412,0.4363,-1.9284,-0.5639,0.6650,1.0050,0.9367,-0.3500
8.3392,-3.3259,10.6910,0.4384,-1.9579,-0.5681,0.6950,0.9950,0.9260,-0.3775
8.3197,-3.3718,10.7409,0.4404,-1.9876,-0.5718,0.7250,0.9850,0.9144,-0.4049
8.2988,-3.4172,10.7909,0.4425,-2.0171,-0.5753,0.7550,0.9750,0.9020,-0.4317
8.2765,-3.4620,10.8410,0.4445,-2.0465,-0.5785,0.8550,0.9650,0.8890,-0.4579
8.2529,-3.5062,10.8911,0.4466,-2.0757,-0.5818,0.8950,0.9550,0.8752,-0.4837
8.2280,-3.5498,10.9412,0.4487,-2.1048,-0.5852,0.8750,0.9450,0.8608,-0.5090
8.2019,-3.5926,10.9914,0.4507,-2.1338,-0.5888,0.9250,0.8650,0.8456,-0.5338
8.1745,-3.6346,11.0416,0.4528,-2.1629,-0.5925,0.9750,0.8550,0.8298,-0.5581
8.1458,-3.6759,11.0918,0.4548,-2.1920,-0.5964,1.0350,0.8350,0.8132,-0.5820
8.1160,-3.7163,11.1420,0.4569,-2.2212,-0.6004,1.0950,0.8150,0.7958,-0.6055
8.0850,-3.7558,11.1922,0.4589,-2.2506,-0.6045,1.0950,0.7950,0.7777,-0.6286
8.0529,-3.7943,11.2424,0.4610,-2.2801,-0.6088,1.1650,0.7750,0.7588,-0.6513
8.0197,-3.8319,11.2925,0.4631,-2.3098,-0.6132,1.2350,0.7650,0.7392,-0.6735
7.9854,-3.8684,11.3427,0.4651,-2.3397,-0.6177,1.2550,0.7950,0.7187,-0.6954
7.9500,-3.9039,11.3927,0.4672,-2.3700,-0.6230,1.2750,0.7650,0.6973,-0.7168
7.9136,-3.9382,11.4428,0.4692,-2.4005,-0.6289,1.2950,0.7450,0.6751,-0.7377
7.8763,-3.9714,11.4928,0.4713,-2.4314,-0.6351,1.3250,0.7150,0.6520,-0.7583
7.8379,-4.0034,11.5427,0.4733,-2.4628,-0.6415,1.3550,0.6750,0.6279,-0.7783
7.7986,-4.0341,11.5926,0.4754,-2.4945,-0.6480,1.3750,0.6450,0.6029,-0.7978
7.7583,-4.0635,11.6424,0.4774,-2.5267,-0.6540,1.3750,0.6050,0.5769,-0.8168
7.7172,-4.0915,11.6922,0.4794,-2.5594,-0.6597,1.4250,0.6250,0.5499,-0.8352
7.6752,-4.1182,11.7419,0.4815,-2.5926,-0.6651,1.4650,0.6050,0.5219,-0.8530
7.6324,-4.1434,11.7916,0.4835,-2.6263,-0.6697,1.4850,0.5550,0.4928,-0.8701
7.5887,-4.1672,11.8413,0.4856,-2.6606,-0.6735,1.4850,0.5650,0.4627,-0.8865
7.5443,-4.1894,11.8910,0.4876,-2.6954,-0.6765,1.4950,0.5450,0.4315,-0.9021
7.4991,-4.2100,11.9407,0.4896,-2.7308,-0.6788,1.4950,0.5350,0.3993,-0.9168
7.4532,-4.2291,11.9904,0.4917,-2.7668,-0.6805,1.5050,0.5350,0.3660,-0.9306
7.4065,-4.2464,12.0402,0.4937,-2.8034,-0.6825,1.5250,0.5050,0.3318,-0.9434
7.3592,-4.2621,12.0900,0.4958,-2.8405,-0.6846,1.5350,0.5150,0.2965,-0.9550
7.3113,-4.2760,12.1400,0.4978,-2.8782,-0.6867,1.5550,0.4750,0.2603,-0.9655
7.2627,-4.2881,12.1900,0.4999,-2.9164,-0.6885,1.5350,0.4850,0.2233,-0.9748
7.2135,-4.2984,12.2403,0.5019,-2.9549,-0.6900,1.5550,0.4850,0.1857,-0.9826
7.1638,-4.3068,12.2907,0.5040,-2.9922,-0.6909,1.5450,0.4950,0.1489,-0.9889
7.1136,-4.3134,12.3413,0.5061,-3.0283,-0.6913,1.5250,0.4950,0.1130,-0.9936
7.0632,-4.3183,12.3919,0.5081,-3.0634,-0.6909,1.5150,0.4950,0.0781,-0.9969
7.0125,-4.3214,12.4427,0.5102,-3.0976,-0.6897,1.4650,0.5050,0.0440,-0.9990
6.9617,-4.3227,12.4935,0.5123,-3.1309,-0.6876,1.4550,0.5050,0.0107,-0.9999
6.9109,-4.3225,12.5443,0.5144,3.1195,-0.6846,1.4550,0.5050,-0.0220,-0.9998
6.8602,-4.3205,12.5951,0.5165,3.0874,-0.6805,1.4650,0.5050,-0.0542,-0.9985
6.8097,-4.3170,12.6457,0.5185,3.0554,-0.6754,1.4650,0.4950,-0.0861,-0.9963
6.7595,-4.3118,12.6962,0.5206,3.0234,-0.6694,1.4750,0.5450,-0.1180,-0.9930
6.7095,-4.3051,12.7466,0.5227,2.9911,-0.6623,1.4950,0.5450,-0.1499,-0.9887
6.6599,-4.2967,12.7969,0.5247,2.9586,-0.6548,1.4550,0.5350,-0.1819,-0.9833
6.6108,-4.2868,12.8470,0.5268,2.9259,-0.6468,1.4750,0.5850,-0.2140,-0.9768
6.5621,-4.2753,12.8970,0.5289,2.8929,-0.6383,1.5050,0.5750,-0.2461,-0.9692
6.5140,-4.2622,12.9469,0.5309,2.8596,-0.6289,1.4750,0.6450,-0.2783,-0.9605
6.4664,-4.2475,12.9967,0.5329,2.8259,-0.6185,1.4850,0.6650,-0.3105,-0.9506
6.4194,-4.2313,13.0464,0.5350,2.7930,-0.6069,1.4850,0.6550,-0.3416,-0.9399
6.3731,-4.2137,13.0960,0.5370,2.7612,-0.5942,1.4750,0.6950,-0.3713,-0.9285
6.3274,-4.1945,13.1456,0.5390,2.7306,-0.5802,1.4550,0.6850,-0.3995,-0.9167
6.2822,-4.1741,13.1951,0.5411,2.7012,-0.5650,1.4450,0.7250,-0.4263,-0.9046
6.2377,-4.1523,13.2447,0.5431,2.6730,-0.5485,1.4350,0.7650,-0.4516,-0.8922
6.1937,-4.1293,13.2944,0.5451,2.6461,-0.5308,1.4250,0.7550,-0.4755,-0.8797
6.1503,-4.1051,13.3441,0.5472,2.6204,-0.5119,1.3850,0.7850,-0.4980,-0.8672
6.1074,-4.0798,13.3939,0.5492,2.5959,-0.4918,1.3450,0.8350,-0.5190,-0.8547
6.0651,-4.0534,13.4437,0.5513,2.5726,-0.4699,1.3450,0.8850,-0.5388,-0.8424
6.0233,-4.0260,13.4937,0.5533,2.5505,-0.4460,1.3350,0.9250,-0.5573,-0.8303
5.9821,-3.9977,13.5437,0.5554,2.5296,-0.4200,1.3250,0.9650,-0.5745,-0.8185
5.9413,-3.9685,13.5938,0.5574,2.5099,-0.3920,1.2550,1.0150,-0.5905,-0.8070
5.9011,-3.9385,13.6440,0.5595,2.4913,-0.3620,1.2250,1.0550,-0.6054,-0.7959
5.8614,-3.9077,13.6942,0.5615,2.4738,-0.3308,1.2050,1.0950,-0.6192,-0.7852
5.8222,-3.8763,13.7444,0.5636,2.4574,-0.2985,1.2050,1.1350,-0.6320,-0.7749
5.7835,-3.8442,13.7947,0.5657,2.4425,-0.2655,1.1650,1.1750,-0.6435,-0.7654
5.7452,-3.8116,13.8450,0.5677,2.4294,-0.2320,1.1250,1.2150,-0.6535,-0.7569
5.7073,-3.7784,13.8954,0.5698,2.4180,-0.1981,1.1250,1.2150,-0.6621,-0.7494
5.6697,-3.7449,13.9458,0.5719,2.4084,-0.1635,1.0550,1.2250,-0.6692,-0.7431
5.6324,-3.7110,13.9962,0.5739,2.4006,-0.1287,1.0450,1.2650,-0.6750,-0.7378
5.5953,-3.6768,14.0467,0.5760,2.3946,-0.0939,1.0050,1.3150,-0.6795,-0.7337
5.5583,-3.6425,14.0971,0.5781,2.3903,-0.0589,0.9450,1.3550,-0.6826,-0.7308
5.5215,-3.6079,14.1476,0.5801,2.3877,-0.0239,0.9650,1.3650,-0.6845,-0.7290
5.4847,-3.5734,14.1981,0.5822,2.3869,0.0109,0.9050,1.3850,-0.6850,-0.7285
5.4479,-3.5388,14.2486,0.5843,2.3879,0.0453,0.8550,1.4450,-0.6843,-0.7292
5.4110,-3.5043,14.2990,0.5863,2.3906,0.0793,0.8650,1.4250,-0.6824,-0.7310
5.3741,-3.4700,14.3495,0.5884,2.3951,0.1128,0.8250,1.4350,-0.6791,-0.7340
5.3370,-3.4358,14.3999,0.5905,2.4013,0.1454,0.7750,1.4850,-0.6745,-0.7383
5.2997,-3.4020,14.4503,0.5925,2.4093,0.1769,0.7250,1.4750,-0.6686,-0.7436
5.2621,-3.3685,14.5006,0.5946,2.4190,0.2069,0.7550,1.4750,-0.6613,-0.7501
5.2242,-3.3355,14.5509,0.5967,2.4304,0.2352,0.7050,1.4750,-0.6528,-0.7576
5.1859,-3.3029,14.6011,0.5987,2.4430,0.2614,0.6550,1.4850,-0.6431,-0.7658
5.1473,-3.2709,14.6513,0.6008,2.4569,0.2854,0.6050,1.4950,-0.6324,-0.7746
5.1082,-3.2395,14.7014,0.6028,2.4721,0.3068,0.6350,1.4950,-0.6206,-0.7842
5.0687,-3.2088,14.7515,0.6049,2.4886,0.3254,0.5850,1.5150,-0.6075,-0.7943
5.0287,-3.1788,14.8015,0.6069,2.5064,0.3410,0.5650,1.5350,-0.5933,-0.8050
4.9883,-3.1495,14.8514,0.6090,2.5255,0.3540,0.5650,1.5550,-0.5778,-0.8162
4.9472,-3.1211,14.9013,0.6110,2.5459,0.3644,0.5050,1.5150,-0.5611,-0.8277
4.9056,-3.0935,14.9512,0.6131,2.5664,0.3721,0.5250,1.5350,-0.5440,-0.8391
4.8635,-3.0668,15.0011,0.6151,2.5866,0.3771,0.4850,1.5650,-0.5269,-0.8499
4.8209,-3.0409,15.0510,0.6172,2.6066,0.3791,0.4550,1.5950,-0.5098,-0.8603
4.7777,-3.0159,15.1008,0.6192,2.6263,0.3777,0.4450,1.6050,-0.4928,-0.8702
4.7341,-2.9918,15.1507,0.6213,2.6458,0.3733,0.4450,1.6150,-0.4758,-0.8796
4.6900,-2.9685,15.2006,0.6233,2.6649,0.3661,0.4050,1.6350,-0.4588,-0.8885
4.6454,-2.9460,15.2505,0.6254,2.6838,0.3565,0.4350,1.6450,-0.4419,-0.8971
4.6004,-2.9244,15.3004,0.6274,2.7023,0.3448,0.4550,1.6650,-0.4253,-0.9051
4.5550,-2.9035,15.3504,0.6295,2.7199,0.3314,0.4150,1.6850,-0.4093,-0.9124
4.5093,-2.8834,15.4004,0.6315,2.7365,0.3167,0.4350,1.7050,-0.3941,-0.9191
4.4631,-2.8641,15.4504,0.6336,2.7522,0.3009,0.4550,1.6750,-0.3796,-0.9252
4.4166,-2.8454,15.5005,0.6356,2.7670,0.2846,0.4650,1.6950,-0.3659,-0.9307
4.3698,-2.8274,15.5507,0.6377,2.7808,0.2681,0.4850,1.6650,-0.3530,-0.9356
4.3227,-2.8100,15.6009,0.6397,2.7937,0.2516,0.5050,1.6350,-0.3409,-0.9401
4.2754,-2.7931,15.6511,0.6418,2.8057,0.2352,0.5150,1.6150,-0.3296,-0.9441
4.2278,-2.7768,15.7014,0.6438,2.8167,0.2193,0.5850,1.6450,-0.3192,-0.9477
4.1800,-2.7610,15.7518,0.6459,2.8269,0.2044,0.5950,1.6250,-0.3096,-0.9509
4.1320,-2.7456,15.8022,0.6480,2.8361,0.1908,0.6650,1.6050,-0.3008,-0.9537
4.0838,-2.7306,15.8526,0.6500,2.8444,0.1795,0.6850,1.5850,-0.2928,-0.9562
4.0355,-2.7161,15.9031,0.6521,2.8519,0.1706,0.7450,1.5650,-0.2857,-0.9583
3.9871,-2.7018,15.9536,0.6542,2.8585,0.1640,0.7550,1.5450,-0.2794,-0.9602
3.9386,-2.6878,16.0040,0.6563,2.8641,0.1590,0.8250,1.4750,-0.2739,-0.9618
3.8900,-2.6741,16.0545,0.6583,2.8691,0.1555,0.8850,1.4550,-0.2691,-0.9631
3.8414,-2.6607,16.1050,0.6604,2.8743,0.1534,0.9550,1.4450,-0.2641,-0.9645
3.7927,-2.6475,16.1554,0.6625,2.8801,0.1528,0.9650,1.4250,-0.2585,-0.9660
3.7440,-2.6346,16.2058,0.6645,2.8863,0.1536,1.0250,1.4150,-0.2525,-0.9676
3.6952,-2.6220,16.2562,0.6666,2.8931,0.1557,1.0950,1.3950,-0.2459,-0.9693
3.6463,-2.6098,16.3066,0.6687,2.9004,0.1592,1.1050,1.3850,-0.2389,-0.9710
3.5974,-2.5980,16.3569,0.6707,2.9082,0.1636,1.1150,1.3650,-0.2313,-0.9729
3.5484,-2.5866,16.4072,0.6728,2.9165,0.1685,1.1250,1.3550,-0.2232,-0.9748
3.4994,-2.5756,16.4575,0.6748,2.9253,0.1739,1.1350,1.3350,-0.2146,-0.9767
3.4503,-2.5650,16.5077,0.6769,2.9347,0.1796,1.1350,1.3250,-0.2054,-0.9787
3.4011,-2.5550,16.5579,0.6790,2.9446,0.1854,1.1450,1.3150,-0.1957,-0.9807
3.3519,-2.5454,16.6080,0.6810,2.9550,0.1912,1.1550,1.2450,-0.1855,-0.9826
3.3026,-2.5364,16.6581,0.6831,2.9659,0.1967,1.2150,1.2350,-0.1748,-0.9846
3.2532,-2.5279,16.7082,0.6851,2.9774,0.2017,1.2150,1.1750,-0.1634,-0.9866
3.2038,-2.5200,16.7582,0.6872,2.9894,0.2062,1.2250,1.1650,-0.1516,-0.9884
3.1543,-2.5127,16.8082,0.6892,3.0019,0.2100,1.2250,1.1550,-0.1392,-0.9903
3.1048,-2.5061,16.8582,0.6913,3.0143,0.2127,1.2350,1.1450,-0.1269,-0.9919
3.0552,-2.5000,16.9082,0.6933,3.0264,0.2144,1.2350,1.0850,-0.1150,-0.9934
3.0055,-2.4946,16.9582,0.6954,3.0380,0.2147,1.2450,1.0850,-0.1034,-0.9946
2.9558,-2.4897,17.0082,0.6974,3.0492,0.2134,1.2450,1.0750,-0.0923,-0.9957
2.9060,-2.4854,17.0581,0.6995,3.0600,0.2105,1.2450,1.0650,-0.0815,-0.9967
2.8561,-2.4815,17.1081,0.7015,3.0704,0.2062,1.2550,1.0650,-0.0711,-0.9975
2.8062,-2.4782,17.1581,0.7036,3.0804,0.2010,1.2550,1.0150,-0.0612,-0.9981
2.7563,-2.4754,17.2082,0.7056,3.0900,0.1949,1.2550,1.0050,-0.0516,-0.9987
2.7063,-2.4731,17.2582,0.7077,3.0992,0.1882,1.2550,1.0050,-0.0424,-0.9991
2.6563,-2.4712,17.3083,0.7097,3.1079,0.1807,1.2550,1.0050,-0.0337,-0.9994
2.6062,-2.4697,17.3583,0.7118,3.1163,0.1726,1.2650,1.0050,-0.0253,-0.9997
2.5561,-2.4686,17.4084,0.7138,3.1242,0.1639,1.2650,0.9950,-0.0174,-0.9998
2.5060,-2.4679,17.4586,0.7159,3.1318,0.1547,1.2650,0.9950,-0.0098,-1.0000
2.4558,-2.4676,17.5087,0.7180,3.1389,0.1452,1.2650,0.9450,-0.0027,-1.0000
2.4056,-2.4677,17.5589,0.7200,-3.1375,0.1355,1.3150,0.9450,0.0041,-1.0000
2.3554,-2.4680,17.6092,0.7221,-3.1312,0.1258,1.3150,0.9450,0.0104,-0.9999
2.3052,-2.4687,17.6594,0.7241,-3.1253,0.1161,1.3150,0.9450,0.0163,-0.9999
2.2549,-2.4697,17.7097,0.7262,-3.1198,0.1067,1.3150,0.8950,0.0218,-0.9998
2.2047,-2.4709,17.7599,0.7283,-3.1146,0.0977,1.3050,0.9050,0.0270,-0.9996
2.1544,-2.4724,17.8103,0.7303,-3.1099,0.0892,1.3050,0.9050,0.0317,-0.9995
2.1041,-2.4741,17.8606,0.7324,-3.1056,0.0813,1.3050,0.9050,0.0360,-0.9994
2.0538,-2.4760,17.9109,0.7344,-3.1016,0.0735,1.3050,0.9050,0.0399,-0.9992
2.0035,-2.4781,17.9613,0.7365,-3.0981,0.0658,1.3050,0.9050,0.0435,-0.9991
1.9532,-2.4804,18.0116,0.7386,-3.0950,0.0583,1.2550,0.9150,0.0466,-0.9989
1.9029,-2.4828,18.0620,0.7406,-3.0922,0.0508,1.2450,0.9650,0.0494,-0.9988
1.8526,-2.4853,18.1124,0.7427,-3.0899,0.0435,1.2450,0.9650,0.0517,-0.9987
1.8023,-2.4880,18.1627,0.7448,-3.0879,0.0363,1.2450,0.9550,0.0537,-0.9986
1.7520,-2.4907,18.2131,0.7468,-3.0863,0.0293,1.2450,0.9250,0.0552,-0.9985
1.7017,-2.4935,18.2634,0.7489,-3.0851,0.0223,1.2350,0.9250,0.0564,-0.9984
1.6514,-2.4964,18.3138,0.7510,-3.0844,0.0155,1.2350,0.9250,0.0572,-0.9984
1.6012,-2.4993,18.3641,0.7530,-3.0839,0.0088,1.2350,0.9350,0.0576,-0.9983
1.5510,-2.5022,18.4144,0.7551,-3.0838,0.0022,1.2250,0.9350,0.0578,-0.9983
1.5008,-2.5051,18.4647,0.7572,-3.0839,-0.0043,1.2250,0.8850,0.0576,-0.9983
1.4506,-2.5080,18.5150,0.7592,-3.0844,-0.0106,1.2250,0.8850,0.0572,-0.9984
1.4004,-2.5108,18.5653,0.7613,-3.0851,-0.0169,1.2250,0.8950,0.0565,-0.9984
1.3502,-2.5137,18.6155,0.7633,-3.0861,-0.0230,1.2150,0.8950,0.0555,-0.9985
1.3001,-2.5164,18.6657,0.7654,-3.0873,-0.0291,1.2150,0.8950,0.0542,-0.9985
1.2499,-2.5191,18.7159,0.7675,-3.0889,-0.0351,1.1650,0.8550,0.0527,-0.9986
1.1998,-2.5217,18.7661,0.7695,-3.0908,-0.0410,1.1550,0.8550,0.0508,-0.9987
1.1497,-2.5242,18.8163,0.7716,-3.0929,-0.0468,1.1550,0.8550,0.0487,-0.9988
1.0996,-2.5266,18.8664,0.7736,-3.0953,-0.0523,1.1550,0.8550,0.0462,-0.9989
1.0495,-2.5288,18.9166,0.7757,-3.0981,-0.0571,1.1550,0.8550,0.0435,-0.9991
0.9994,-2.5309,18.9667,0.7777,-3.1011,-0.0614,1.1550,0.8650,0.0405,-0.9992
0.9494,-2.5329,19.0168,0.7798,-3.1044,-0.0654,1.1450,0.8150,0.0372,-0.9993
0.8993,-2.5347,19.0669,0.7818,-3.1079,-0.0691,1.1450,0.8150,0.0337,-0.9994
0.8492,-2.5362,19.1170,0.7839,-3.1118,-0.0729,1.1450,0.8150,0.0298,-0.9996
0.7992,-2.5376,19.1671,0.7860,-3.1160,-0.0769,1.1450,0.8150,0.0256,-0.9997
0.7491,-2.5388,19.2171,0.7880,-3.1204,-0.0811,1.1450,0.8150,0.0212,-0.9998
0.6991,-2.5397,19.2672,0.7901,-3.1251,-0.0859,1.1450,0.8150,0.0165,-0.9999
0.6490,-2.5404,19.3172,0.7921,-3.1302,-0.0912,1.1350,0.8250,0.0114,-0.9999
0.5990,-2.5409,19.3673,0.7942,-3.1355,-0.0974,1.1350,0.8250,0.0061,-1.0000
0.5490,-2.5411,19.4173,0.7962,-3.1411,-0.1043,1.1350,0.8250,0.0005,-1.0000
0.4989,-2.5409,19.4674,0.7983,3.1363,-0.1122,1.1350,0.8250,-0.0053,-1.0000
0.4489,-2.5405,19.5174,0.8003,3.1301,-0.1211,1.1350,0.8250,-0.0115,-0.9999
0.3989,-2.5398,19.5674,0.8024,3.1236,-0.1311,1.1450,0.8150,-0.0180,-0.9998
0.3488,-2.5387,19.6175,0.8044,3.1169,-0.1423,1.1450,0.8150,-0.0247,-0.9997
0.2988,-2.5373,19.6675,0.8065,3.1099,-0.1551,1.1450,0.8150,-0.0317,-0.9995
0.2488,-2.5355,19.7176,0.8085,3.1026,-0.1692,1.1450,0.8150,-0.0390,-0.9992
0.1987,-2.5334,19.7677,0.8106,3.0950,-0.1845,1.1450,0.7650,-0.0466,-0.9989
0.1487,-2.5309,19.8178,0.8126,3.0872,-0.2007,1.1550,0.7650,-0.0544,-0.9985
0.0986,-2.5279,19.8679,0.8147,3.0790,-0.2177,1.1550,0.7550,-0.0626,-0.9980
0.0486,-2.5246,19.9181,0.8168,3.0696,-0.2354,1.1550,0.7550,-0.0719,-0.9974
-0.0014,-2.5207,19.9683,0.8188,3.0589,-0.2538,1.1650,0.7550,-0.0826,-0.9966
-0.0514,-2.5163,20.0184,0.8209,3.0467,-0.2739,1.1650,0.7450,-0.0947,-0.9955
-0.1013,-2.5112,20.0686,0.8229,3.0331,-0.2952,1.1750,0.7450,-0.1082,-0.9941
-0.1512,-2.5054,20.1188,0.8250,3.0181,-0.3177,1.1850,0.7450,-0.1231,-0.9924
-0.2010,-2.4988,20.1690,0.8270,3.0017,-0.3410,1.1950,0.7350,-0.1394,-0.9902
-0.2506,-2.4914,20.2192,0.8291,2.9839,-0.3650,1.2050,0.7350,-0.1570,-0.9876
-0.3001,-2.4830,20.2694,0.8312,2.9647,-0.3895,1.2150,0.7250,-0.1760,-0.9844
-0.3495,-2.4737,20.3196,0.8332,2.9440,-0.4142,1.2350,0.7150,-0.1963,-0.9805
-0.3986,-2.4632,20.3699,0.8353,2.9220,-0.4389,1.2450,0.7150,-0.2179,-0.9760
-0.4476,-2.4517,20.4202,0.8373,2.8985,-0.4634,1.2350,0.7050,-0.2407,-0.9706
-0.4964,-2.4390,20.4706,0.8394,2.8738,-0.4875,1.2350,0.6950,-0.2646,-0.9643
-0.5450,-2.4250,20.5212,0.8415,2.8477,-0.5110,1.2550,0.6850,-0.2897,-0.9571
-0.5933,-2.4096,20.5719,0.8436,2.8203,-0.5337,1.2850,0.6750,-0.3158,-0.9488
-0.6413,-2.3929,20.6227,0.8456,2.7918,-0.5554,1.2650,0.6850,-0.3427,-0.9394
-0.6890,-2.3747,20.6738,0.8477,2.7625,-0.5759,1.2950,0.7050,-0.3701,-0.9290
-0.7363,-2.3550,20.7250,0.8498,2.7325,-0.5950,1.3350,0.6950,-0.3978,-0.9175
-0.7831,-2.3339,20.7764,0.8519,2.7018,-0.6126,1.3750,0.6850,-0.4257,-0.9048
-0.8292,-2.3113,20.8277,0.8540,2.6702,-0.6283,1.3750,0.6650,-0.4541,-0.8909
-0.8745,-2.2873,20.8790,0.8562,2.6375,-0.6420,1.4250,0.6550,-0.4830,-0.8756
-0.9189,-2.2618,20.9301,0.8583,2.6036,-0.6539,1.4850,0.6950,-0.5124,-0.8587
-0.9622,-2.2349,20.9812,0.8603,2.5683,-0.6645,1.4350,0.6750,-0.5424,-0.8401
-1.0044,-2.2066,21.0320,0.8624,2.5316,-0.6737,1.4550,0.6550,-0.5729,-0.8196
-1.0453,-2.1768,21.0826,0.8645,2.4932,-0.6816,1.4750,0.6450,-0.6039,-0.7970
-1.0848,-2.1456,21.1329,0.8666,2.4529,-0.6884,1.4950,0.6250,-0.6355,-0.7721
-1.1228,-2.1130,21.1830,0.8686,2.4108,-0.6940,1.5050,0.6150,-0.6675,-0.7446
-1.1591,-2.0790,21.2327,0.8707,2.3665,-0.6985,1.5450,0.6350,-0.6998,-0.7144
-1.1937,-2.0435,21.2822,0.8727,2.3201,-0.7021,1.5550,0.6350,-0.7322,-0.6811
-1.2263,-2.0067,21.3314,0.8747,2.2714,-0.7050,1.5950,0.6150,-0.7645,-0.6447
-1.2569,-1.9685,21.3804,0.8767,2.2203,-0.7072,1.6050,0.5850,-0.7964,-0.6048
-1.2854,-1.9289,21.4292,0.8787,2.1685,-0.7087,1.5750,0.5650,-0.8266,-0.5627
-1.3117,-1.8880,21.4778,0.8807,2.1177,-0.7097,1.5450,0.5750,-0.8542,-0.5200
-1.3360,-1.8459,21.5264,0.8827,2.0680,-0.7101,1.4750,0.5850,-0.8789,-0.4769
-1.3581,-1.8026,21.5750,0.8847,2.0194,-0.7099,1.4150,0.5650,-0.9010,-0.4337
-1.3782,-1.7582,21.6237,0.8867,1.9721,-0.7093,1.3650,0.5550,-0.9205,-0.3906
-1.3962,-1.7129,21.6725,0.8887,1.9260,-0.7084,1.3750,0.5650,-0.9376,-0.3478
-1.4121,-1.6667,21.7213,0.8907,1.8811,-0.7070,1.3350,0.5250,-0.9522,-0.3054
-1.4261,-1.6197,21.7704,0.8927,1.8374,-0.7051,1.3050,0.5250,-0.9647,-0.2634
-1.4380,-1.5720,21.8196,0.8947,1.7948,-0.7031,1.2750,0.5350,-0.9750,-0.2221
-1.4480,-1.5236,21.8689,0.8967,1.7532,-0.7011,1.3050,0.5350,-0.9834,-0.1814
-1.4560,-1.4747,21.9185,0.8988,1.7127,-0.6994,1.2850,0.5050,-0.9900,-0.1414
-1.4620,-1.4254,21.9682,0.9008,1.6731,-0.6984,1.2750,0.4950,-0.9948,-0.1021
-1.4662,-1.3756,22.0182,0.9029,1.6343,-0.6983,1.3150,0.4950,-0.9980,-0.0634
-1.4684,-1.3255,22.0683,0.9049,1.5963,-0.6981,1.3150,0.4950,-0.9997,-0.0255
-1.4687,-1.2752,22.1186,0.9070,1.5589,-0.6985,1.3150,0.4950,-0.9999,0.0119
-1.4672,-1.2248,22.1690,0.9091,1.5222,-0.6994,1.3150,0.4950,-0.9988,0.0486
-1.4638,-1.1744,22.2196,0.9111,1.4860,-0.7007,1.3750,0.4950,-0.9964,0.0847
-1.4586,-1.1239,22.2703,0.9132,1.4501,-0.7023,1.3850,0.4950,-0.9927,0.1204
-1.4516,-1.0736,22.3211,0.9153,1.4146,-0.7039,1.3450,0.4850,-0.9878,0.1556
-1.4428,-1.0235,22.3720,0.9174,1.3793,-0.7054,1.3650,0.4850,-0.9817,0.1904
-1.4322,-0.9737,22.4229,0.9195,1.3441,-0.7066,1.3350,0.5250,-0.9744,0.2248
-1.4199,-0.9243,22.4738,0.9216,1.3090,-0.7075,1.3550,0.5150,-0.9659,0.2588
-1.4059,-0.8753,22.5248,0.9236,1.2738,-0.7078,1.3350,0.5050,-0.9562,0.2927
-1.3901,-0.8268,22.5758,0.9257,1.2384,-0.7075,1.3150,0.5150,-0.9453,0.3263
-1.3726,-0.7790,22.6267,0.9278,1.2029,-0.7065,1.3450,0.5450,-0.9331,0.3597
-1.3535,-0.7319,22.6775,0.9299,1.1670,-0.7048,1.3350,0.5350,-0.9196,0.3929
-1.3327,-0.6855,22.7283,0.9320,1.1307,-0.7024,1.3250,0.5650,-0.9047,0.4260
-1.3103,-0.6401,22.7790,0.9341,1.0939,-0.6993,1.3750,0.5550,-0.8884,0.4590
-1.2862,-0.5956,22.8296,0.9361,1.0565,-0.6954,1.3750,0.5950,-0.8706,0.4919
-1.2606,-0.5522,22.8800,0.9382,1.0184,-0.6907,1.3750,0.5750,-0.8513,0.5247
-1.2333,-0.5099,22.9303,0.9403,0.9798,-0.6851,1.4450,0.5950,-0.8304,0.5572
-1.2046,-0.4687,22.9805,0.9423,0.9419,-0.6786,1.4550,0.6250,-0.8087,0.5882
-1.1743,-0.4287,23.0307,0.9444,0.9050,-0.6712,1.4850,0.6650,-0.7864,0.6177
-1.1427,-0.3899,23.0807,0.9464,0.8692,-0.6627,1.5650,0.6950,-0.7638,0.6454
-1.1097,-0.3522,23.1308,0.9485,0.8344,-0.6533,1.5450,0.7250,-0.7409,0.6716
-1.0755,-0.3157,23.1809,0.9505,0.8006,-0.6429,1.5450,0.7450,-0.7178,0.6963
-1.0400,-0.2803,23.2310,0.9526,0.7679,-0.6314,1.5050,0.7750,-0.6946,0.7194
-1.0034,-0.2461,23.2811,0.9547,0.7362,-0.6190,1.4650,0.7950,-0.6715,0.7410
-0.9657,-0.2130,23.3313,0.9567,0.7055,-0.6055,1.4450,0.8150,-0.6484,0.7613
-0.9270,-0.1810,23.3815,0.9588,0.6758,-0.5910,1.3750,0.8350,-0.6255,0.7802
-0.8873,-0.1501,23.4317,0.9608,0.6471,-0.5743,1.3550,0.8550,-0.6028,0.7979
-0.8468,-0.1204,23.4820,0.9629,0.6192,-0.5570,1.2950,0.8750,-0.5804,0.8143
-0.8054,-0.0917,23.5323,0.9650,0.5922,-0.5390,1.2950,0.8950,-0.5582,0.8297
-0.7633,-0.0642,23.5826,0.9670,0.5660,-0.5205,1.2450,0.9150,-0.5363,0.8440
-0.7206,-0.0378,23.6329,0.9691,0.5406,-0.5015,1.1950,0.9250,-0.5147,0.8574
-0.6771,-0.0124,23.6832,0.9711,0.5160,-0.4821,1.2050,0.9450,-0.4934,0.8698
-0.6332,0.0118,23.7334,0.9732,0.4922,-0.4624,1.1550,0.9550,-0.4726,0.8813
-0.5886,0.0350,23.7836,0.9753,0.4694,-0.4424,1.1150,0.9750,-0.4524,0.8918
-0.5436,0.0572,23.8338,0.9773,0.4477,-0.4223,1.0850,0.9850,-0.4329,0.9015
-0.4982,0.0785,23.8840,0.9794,0.4269,-0.4020,1.0450,1.0050,-0.4141,0.9102
-0.4523,0.0988,23.9342,0.9814,0.4072,-0.3817,1.0150,1.0150,-0.3960,0.9182
-0.4059,0.1183,23.9845,0.9835,0.3885,-0.3614,1.0450,1.0250,-0.3788,0.9255
-0.3593,0.1369,24.0347,0.9856,0.3708,-0.3412,1.0150,1.0350,-0.3623,0.9321
-0.3122,0.1547,24.0850,0.9876,0.3540,-0.3212,0.9850,1.0550,-0.3467,0.9380
-0.2649,0.1718,24.1353,0.9897,0.3383,-0.3014,0.9650,1.0650,-0.3319,0.9433
-0.2173,0.1882,24.1856,0.9917,0.3236,-0.2819,0.9450,1.0750,-0.3180,0.9481
-0.1695,0.2038,24.2360,0.9938,0.3098,-0.2629,0.9250,1.0850,-0.3049,0.9524
-0.1214,0.2189,24.2863,0.9959,0.2970,-0.2442,0.9050,1.0950,-0.2927,0.9562
-0.0732,0.2333,24.3366,0.9979,0.2852,-0.2261,0.8850,1.1050,-0.2813,0.9596
-0.0249,0.2472,24.3870,1.0000,0.2743,-0.2086,0.8650,1.1150,-0.2709,0.9626
